DayOfWeek,MonthDay,Year,Visits
Monday,Jun-01,2009,27
Tuesday,Jun-02,2009,31
Wednesday,Jun-03,2009,38
Thursday,Jun-04,2009,38
Friday,Jun-05,2009,31
Saturday,Jun-06,2009,24
Sunday,Jun-07,2009,21
Monday,Jun-08,2009,29
Tuesday,Jun-09,2009,30
Wednesday,Jun-10,2009,22
Thursday,Jun-11,2009,24
Friday,Jun-12,2009,17
Saturday,Jun-13,2009,7
Sunday,Jun-14,2009,13
Monday,Jun-15,2009,20
Tuesday,Jun-16,2009,17
Wednesday,Jun-17,2009,11
Thursday,Jun-18,2009,19
Friday,Jun-19,2009,15
Saturday,Jun-20,2009,3
Sunday,Jun-21,2009,12
Monday,Jun-22,2009,25
Tuesday,Jun-23,2009,17
Wednesday,Jun-24,2009,24
Thursday,Jun-25,2009,30
Friday,Jun-26,2009,22
Saturday,Jun-27,2009,15
Sunday,Jun-28,2009,14
Monday,Jun-29,2009,29
Tuesday,Jun-30,2009,10
Wednesday,Jul-01,2009,19
Thursday,Jul-02,2009,34
Friday,Jul-03,2009,12
Saturday,Jul-04,2009,5
Sunday,Jul-05,2009,14
Monday,Jul-06,2009,26
Tuesday,Jul-07,2009,8
Wednesday,Jul-08,2009,16
Thursday,Jul-09,2009,11
Friday,Jul-10,2009,10
Saturday,Jul-11,2009,12
Sunday,Jul-12,2009,11
Monday,Jul-13,2009,14
Tuesday,Jul-14,2009,23
Wednesday,Jul-15,2009,30
Thursday,Jul-16,2009,19
Friday,Jul-17,2009,21
Saturday,Jul-18,2009,14
Sunday,Jul-19,2009,18
Monday,Jul-20,2009,27
Tuesday,Jul-21,2009,26
Wednesday,Jul-22,2009,27
Thursday,Jul-23,2009,23
Friday,Jul-24,2009,16
Saturday,Jul-25,2009,5
Sunday,Jul-26,2009,18
Monday,Jul-27,2009,29
Tuesday,Jul-28,2009,35
Wednesday,Jul-29,2009,22
Thursday,Jul-30,2009,22
Friday,Jul-31,2009,10
Saturday,Aug-01,2009,7
Sunday,Aug-02,2009,12
Monday,Aug-03,2009,23
Tuesday,Aug-04,2009,38
Wednesday,Aug-05,2009,43
Thursday,Aug-06,2009,26
Friday,Aug-07,2009,19
Saturday,Aug-08,2009,18
Sunday,Aug-09,2009,10
Monday,Aug-10,2009,19
Tuesday,Aug-11,2009,19
Wednesday,Aug-12,2009,38
Thursday,Aug-13,2009,22
Friday,Aug-14,2009,25
Saturday,Aug-15,2009,18
Sunday,Aug-16,2009,24
Monday,Aug-17,2009,21
Tuesday,Aug-18,2009,28
Wednesday,Aug-19,2009,30
Thursday,Aug-20,2009,21
Friday,Aug-21,2009,26
Saturday,Aug-22,2009,11
Sunday,Aug-23,2009,12
Monday,Aug-24,2009,20
Tuesday,Aug-25,2009,21
Wednesday,Aug-26,2009,23
Thursday,Aug-27,2009,25
Friday,Aug-28,2009,19
Saturday,Aug-29,2009,14
Sunday,Aug-30,2009,17
Monday,Aug-31,2009,21
Tuesday,Sep-01,2009,38
Wednesday,Sep-02,2009,27
Thursday,Sep-03,2009,21
Friday,Sep-04,2009,18
Saturday,Sep-05,2009,19
Sunday,Sep-06,2009,20
Monday,Sep-07,2009,18
Tuesday,Sep-08,2009,26
Wednesday,Sep-09,2009,28
Thursday,Sep-10,2009,30
Friday,Sep-11,2009,28
Saturday,Sep-12,2009,29
Sunday,Sep-13,2009,16
Monday,Sep-14,2009,30
Tuesday,Sep-15,2009,23
Wednesday,Sep-16,2009,24
Thursday,Sep-17,2009,44
Friday,Sep-18,2009,28
Saturday,Sep-19,2009,20
Sunday,Sep-20,2009,20
Monday,Sep-21,2009,16
Tuesday,Sep-22,2009,22
Wednesday,Sep-23,2009,31
Thursday,Sep-24,2009,31
Friday,Sep-25,2009,30
Saturday,Sep-26,2009,30
Sunday,Sep-27,2009,29
Monday,Sep-28,2009,27
Tuesday,Sep-29,2009,37
Wednesday,Sep-30,2009,35
Thursday,Oct-01,2009,22
Friday,Oct-02,2009,28
Saturday,Oct-03,2009,23
Sunday,Oct-04,2009,48
Monday,Oct-05,2009,46
Tuesday,Oct-06,2009,35
Wednesday,Oct-07,2009,40
Thursday,Oct-08,2009,22
Friday,Oct-09,2009,26
Saturday,Oct-10,2009,14
Sunday,Oct-11,2009,19
Monday,Oct-12,2009,26
Tuesday,Oct-13,2009,25
Wednesday,Oct-14,2009,21
Thursday,Oct-15,2009,29
Friday,Oct-16,2009,34
Saturday,Oct-17,2009,15
Sunday,Oct-18,2009,16
Monday,Oct-19,2009,19
Tuesday,Oct-20,2009,29
Wednesday,Oct-21,2009,32
Thursday,Oct-22,2009,25
Friday,Oct-23,2009,24
Saturday,Oct-24,2009,17
Sunday,Oct-25,2009,23
Monday,Oct-26,2009,42
Tuesday,Oct-27,2009,28
Wednesday,Oct-28,2009,23
Thursday,Oct-29,2009,27
Friday,Oct-30,2009,26
Saturday,Oct-31,2009,22
Sunday,Nov-01,2009,15
Monday,Nov-02,2009,32
Tuesday,Nov-03,2009,22
Wednesday,Nov-04,2009,29
Thursday,Nov-05,2009,25
Friday,Nov-06,2009,15
Saturday,Nov-07,2009,18
Sunday,Nov-08,2009,28
Monday,Nov-09,2009,27
Tuesday,Nov-10,2009,35
Wednesday,Nov-11,2009,26
Thursday,Nov-12,2009,26
Friday,Nov-13,2009,20
Saturday,Nov-14,2009,22
Sunday,Nov-15,2009,13
Monday,Nov-16,2009,22
Tuesday,Nov-17,2009,25
Wednesday,Nov-18,2009,29
Thursday,Nov-19,2009,20
Friday,Nov-20,2009,12
Saturday,Nov-21,2009,14
Sunday,Nov-22,2009,13
Monday,Nov-23,2009,38
Tuesday,Nov-24,2009,35
Wednesday,Nov-25,2009,25
Thursday,Nov-26,2009,24
Friday,Nov-27,2009,17
Saturday,Nov-28,2009,22
Sunday,Nov-29,2009,21
Monday,Nov-30,2009,32
Tuesday,Dec-01,2009,26
Wednesday,Dec-02,2009,30
Thursday,Dec-03,2009,21
Friday,Dec-04,2009,27
Saturday,Dec-05,2009,13
Sunday,Dec-06,2009,14
Monday,Dec-07,2009,21
Tuesday,Dec-08,2009,19
Wednesday,Dec-09,2009,30
Thursday,Dec-10,2009,16
Friday,Dec-11,2009,20
Saturday,Dec-12,2009,8
Sunday,Dec-13,2009,10
Monday,Dec-14,2009,13
Tuesday,Dec-15,2009,31
Wednesday,Dec-16,2009,24
Thursday,Dec-17,2009,18
Friday,Dec-18,2009,17
Saturday,Dec-19,2009,7
Sunday,Dec-20,2009,13
Monday,Dec-21,2009,22
Tuesday,Dec-22,2009,22
Wednesday,Dec-23,2009,22
Thursday,Dec-24,2009,13
Friday,Dec-25,2009,10
Saturday,Dec-26,2009,12
Sunday,Dec-27,2009,15
Monday,Dec-28,2009,24
Tuesday,Dec-29,2009,18
Wednesday,Dec-30,2009,10
Thursday,Dec-31,2009,7